,True_Class,Pred_Class,C2,noise_level,experiment,fd_order,ratio,threshold_approx_uniq,threshold_exact_uniq,threshold_approx_nonuniq,threshold_exact_nonuniq,sv_max,sv_min,C,C1,Correct_Classification
0,non unique,,0.3125401670864087,0.0,linear_nonunique_1,2.0,1.99201786166115e-15,5.235008393451766e-05,0.0,4.294934445818938e-05,0.0008739725717573525,3125.401670864087,6.225855953226864e-12,1562.7008354320435,4688.102506296131,False
1,non unique,non unique,0.3125401670864087,0.0,linear_nonunique_1,4.0,2.982963576385435e-15,6.570580935589568e-05,6.640443601769845e-05,2.8823908511881727e-06,7.866403293408016e-07,2921.4291573046844,8.714516767230269e-12,1562.7008354320435,4688.102506296131,True
2,non unique,non unique,0.3125401670864087,0.0,linear_nonunique_1,6.0,3.6789429530564124e-15,6.660217954102919e-05,6.666641355961453e-05,1.9344853024347471e-07,7.592705391027005e-10,2731.795753721656,1.0050120737343717e-11,1562.7008354320435,4688.102506296131,True
3,non unique,non unique,0.3125401670864087,0.0,linear_nonunique_1,8.0,4.428182760011999e-15,6.666233867139709e-05,6.666666641331765e-05,1.2983120492128425e-08,7.599963350267392e-13,2554.4708111741993,1.1311663606995457e-11,1562.7008354320435,4688.102506296131,True
4,non unique,,0.3125401670864087,0.0,linear_nonunique_1,10.0,5.0682117295454726e-15,6.66663761971843e-05,6.666666666640732e-05,8.713503580456296e-10,7.780119804453577e-16,2388.6562958227832,1.210621585634167e-11,1562.7008354320435,4688.102506296131,False
5,non unique,,0.3125401670864087,0.0,linear_nonunique_1,12.0,5.7750625949906874e-15,6.666664717207052e-05,6.666666666666639e-05,5.847988975418364e-11,8.087078341363972e-19,2233.605047740729,1.2899208963189872e-11,1562.7008354320435,4688.102506296131,False
6,non unique,,0.31254016708622795,1e-10,linear_nonunique_1,2.0,5.653275280061017e-10,5.2349936806429105e-05,0.0,4.29497858635822e-05,0.000873973298617731,3125.4016708622794,1.7668756006147123e-06,1562.7008354311397,4688.102506293419,False
7,non unique,non unique,0.31254016708622795,1e-10,linear_nonunique_1,4.0,8.052206027631404e-10,6.570361957293178e-05,6.640407319334942e-05,2.888959812701281e-06,7.87728732112656e-07,2921.429157308128,2.3523949469774644e-06,1562.7008354311397,4688.102506293419,True
8,non unique,non unique,0.31254016708622795,1e-10,linear_nonunique_1,6.0,9.725119854997286e-10,6.657517058138022e-05,6.666596828834535e-05,2.744700583072158e-07,2.0949953034643065e-09,2731.795753718892,2.656704112428887e-06,1562.7008354311397,4688.102506293419,True
9,non unique,non unique,0.31254016708622795,1e-10,linear_nonunique_1,8.0,1.1128625718163717e-09,6.660161533126173e-05,6.666615997870093e-05,1.951410475884039e-07,1.5199625694781058e-09,2554.470811169693,2.842774956548158e-06,1562.7008354311397,4688.102506293419,True
10,non unique,non unique,0.31254016708622795,1e-10,linear_nonunique_1,10.0,1.242419288237598e-09,6.660175881605594e-05,6.666611207431236e-05,1.9471062167709665e-07,1.6636661555560358e-09,2388.6562958199715,2.967712654896906e-06,1562.7008354311397,4688.102506293419,True
11,non unique,non unique,0.31254016708622795,1e-10,linear_nonunique_1,12.0,1.3689283566912305e-09,6.66017594630723e-05,6.666607191714254e-05,1.9470868075638619e-07,1.7841296346655006e-09,2233.605047735158,3.0576452874933275e-06,1562.7008354311397,4688.102506293419,True
12,non unique,,0.3125401670840152,1e-09,linear_nonunique_1,2.0,5.633105323842311e-09,5.234851739723757e-05,0.0,4.2954044295006054e-05,0.0008739803113446618,3125.4016708401523,1.7605716791155316e-05,1562.7008354200761,4688.102506260228,False
13,non unique,non unique,0.3125401670840152,1e-09,linear_nonunique_1,4.0,8.01901950161411e-09,6.56827429198711e-05,6.640057224700063e-05,2.951586084523586e-06,7.982308932243848e-07,2921.429157292421,2.3426997384912e-05,1562.7008354200761,4688.102506260228,True
14,non unique,non unique,0.3125401670840152,1e-09,linear_nonunique_1,6.0,9.689580223276326e-09,6.644526687692586e-05,6.66616661021451e-05,6.641556803527779e-07,1.5000693818483617e-08,2731.795753693454,2.6469954109018338e-05,1562.7008354200761,4688.102506260228,True
15,non unique,non unique,0.3125401670840152,1e-09,linear_nonunique_1,8.0,1.1102291126649876e-08,6.645482235774678e-05,6.666127693494488e-05,6.354910991870303e-07,1.616811763939118e-08,2554.470811214578,2.8360478620633723e-05,1562.7008354200761,4688.102506260228,True
16,non unique,non unique,0.3125401670840152,1e-09,linear_nonunique_1,10.0,1.2399335472466736e-08,6.64548663737894e-05,6.666076415766897e-05,6.353590596380672e-07,1.7706346987995966e-08,2388.65629590165,2.961775074130433e-05,1562.7008354200761,4688.102506260228,True
17,non unique,non unique,0.3125401670840152,1e-09,linear_nonunique_1,12.0,1.3638960888528351e-08,6.645486657207164e-05,6.666033637594559e-05,6.353584648300364e-07,1.8989606670294646e-08,2233.605047734087,3.046405188646471e-05,1562.7008354200761,4688.102506260228,True
18,non unique,,0.3125401670330306,1e-08,linear_nonunique_1,2.0,5.6507277135670336e-08,5.233499512181967e-05,0.0,4.299461306569393e-05,0.0008740471545019402,3125.401670330306,0.00017660793834564157,1562.700835165153,4688.102505495459,False
19,non unique,non unique,0.3125401670330306,1e-08,linear_nonunique_1,4.0,8.062763217157252e-08,6.55023934866747e-05,6.636716483926048e-05,3.492602965154047e-06,8.984466621200946e-07,2921.429156629351,0.00023554791545601862,1562.700835165153,4688.102505495459,True
20,non unique,non unique,0.3125401670330306,1e-08,linear_nonunique_1,6.0,9.754246831398847e-08,6.6006027081819e-05,6.662063402565004e-05,1.9817918720855317e-06,1.3808874256011134e-07,2731.795752971551,0.0002664661006745158,1562.700835165153,4688.102505495459,True
21,non unique,non unique,0.3125401670330306,1e-08,linear_nonunique_1,8.0,1.1181799543457663e-07,6.600916776105159e-05,6.661471393844777e-05,1.972370412809965e-06,1.558478271884341e-07,2554.4708103787184,0.0002856358054126868,1562.700835165153,4688.102505495459,True
22,non unique,non unique,0.3125401670330306,1e-08,linear_nonunique_1,10.0,1.249014139699217e-07,6.600918194155808e-05,6.660977184039189e-05,1.9723278739026398e-06,1.7067313945673958e-07,2388.656296152351,0.00029834654887758467,1562.700835165153,4688.102505495459,True
23,non unique,non unique,0.3125401670330306,1e-08,linear_nonunique_1,12.0,1.376771444396616e-07,6.600918200543204e-05,6.660565055363867e-05,1.9723276822924953e-06,1.8303618134452757e-07,2233.605048047906,0.00030751636482124887,1562.700835165153,4688.102505495459,True
24,non unique,,0.3125401669095763,1e-07,linear_nonunique_1,2.0,5.628038664352671e-07,5.2185175730355095e-05,0.0,4.3444093077023485e-05,0.0008747919734365487,3125.401669095763,0.0017589881435303328,1562.7008345478814,4688.102503643644,False
25,non unique,non unique,0.3125401669095763,1e-07,linear_nonunique_1,4.0,8.036648124245119e-07,6.428497293160118e-05,6.599354663951264e-05,7.144672959357164e-06,2.019230902807606e-06,2921.4291571424337,0.002347849815586374,1562.7008345478814,4688.102503643644,True
26,non unique,non unique,0.3125401669095763,1e-07,linear_nonunique_1,6.0,9.718513608793974e-07,6.448644159029682e-05,6.616399224902944e-05,6.540296246631304e-06,1.5079257565107457e-06,2731.795753977342,0.002654899421147439,1562.7008345478814,4688.102503643644,True
27,non unique,non unique,0.3125401669095763,1e-07,linear_nonunique_1,8.0,1.1131891169315341e-06,6.44873912016713e-05,6.60963782284217e-05,6.537447552745526e-06,1.7107551668860646e-06,2554.470813414124,0.0028436091090118464,1562.7008345478814,4688.102503643644,True
28,non unique,non unique,0.3125401669095763,1e-07,linear_nonunique_1,10.0,1.2438926805790692e-06,6.448739547994345e-05,6.604203865498094e-05,6.537434718560896e-06,1.8737637990920274e-06,2388.656301124243,0.002971232089387519,1562.7008345478814,4688.102503643644,True
29,non unique,non unique,0.3125401669095763,1e-07,linear_nonunique_1,12.0,1.3713492145241968e-06,6.44873954992141e-05,6.59967313607554e-05,6.537434660751801e-06,2.0096773246606983e-06,2233.60505095265,0.003063052532181195,1562.7008345478814,4688.102503643644,True
30,non unique,,0.31254016803325707,1e-06,linear_nonunique_1,2.0,5.625006709907138e-06,5.09977094029145e-05,0.0,4.700668419521323e-05,0.0008809706155567076,3125.401680332571,0.017580405423025754,1562.7008401662854,4688.102520498856,False
31,non unique,non unique,0.31254016803325707,1e-06,linear_nonunique_1,4.0,8.014206182117596e-06,6.0226463152441464e-05,6.287839711958245e-05,1.9319820248956037e-05,1.1364223229333828e-05,2921.429105939006,0.023412935201434663,1562.7008401662854,4688.102520498856,True
32,non unique,non unique,0.31254016803325707,1e-06,linear_nonunique_1,6.0,9.690123087519676e-06,6.029821716842108e-05,6.236828727948449e-05,1.9104561523042855e-05,1.2894500230013877e-05,2731.795783654523,0.026471437393579596,1562.7008401662854,4688.102520498856,True
33,non unique,non unique,0.31254016803325707,1e-06,linear_nonunique_1,8.0,1.1091189209940177e-05,6.0298542199254845e-05,6.178999185562811e-05,1.910358644587077e-05,1.4629334514176584e-05,2554.470790762469,0.028332118871612046,1562.7008401662854,4688.102520498856,True
34,non unique,non unique,0.31254016803325707,1e-06,linear_nonunique_1,10.0,1.2387758460309742e-05,6.029854366332928e-05,6.132660332710232e-05,1.9103582053716507e-05,1.6019464234225433e-05,2388.65634672611,0.02959009786792893,1562.7008401662854,4688.102520498856,True
35,non unique,non unique,0.31254016803325707,1e-06,linear_nonunique_1,12.0,1.3639569489916722e-05,6.029854366992392e-05,6.094016501377402e-05,1.9103582033932918e-05,1.7178753205098766e-05,2233.605065766537,0.03046541150755269,1562.7008401662854,4688.102520498856,True
36,non unique,,0.31254014095032007,1e-05,linear_nonunique_1,2.0,5.585387282855898e-05,4.155056597909588e-05,0.0,7.535084875081213e-05,0.0009475757857719296,3125.4014095032003,0.17456577286459074,1562.7007047516001,4688.102114254801,False
37,non unique,,0.31254014095032007,1e-05,linear_nonunique_1,4.0,7.965866588133843e-05,4.600788229048879e-05,2.9387549425256493e-05,6.197734281192496e-05,0.00011184657345209949,2921.428417506243,0.2327170902063771,1562.7007047516001,4688.102114254801,False
38,non unique,,0.31254014095032007,1e-05,linear_nonunique_1,6.0,9.626871870221556e-05,4.603013743527588e-05,2.1559429034287756e-05,6.191057080000189e-05,0.00013533710915576572,2731.7955878214175,0.26298646099593365,1562.7007047516001,4688.102114254801,False
39,non unique,,0.31254014095032007,1e-05,linear_nonunique_1,8.0,0.00011040451328876733,4.603023773346066e-05,1.5481094355208532e-05,6.19102698758311e-05,0.00015357792230161064,2554.4713956259884,0.2820251711441655,1562.7007047516001,4688.102114254801,False
40,non unique,,0.31254014095032007,1e-05,linear_nonunique_1,10.0,0.00012338452179859694,4.6030238185235036e-05,1.0613012079051304e-05,6.191026852037456e-05,0.00016818746135288114,2388.6567383796555,0.29472326940597005,1562.7007047516001,4688.102114254801,False
41,non unique,,0.31254014095032007,1e-05,linear_nonunique_1,12.0,0.0001360422225669595,4.6030238187269975e-05,6.553629458023285e-06,6.191026851426916e-05,0.00018037045739283705,2233.605320528314,0.30386463214205783,1562.7007047516001,4688.102114254801,False
42,non unique,,0.8822104362883427,0.0001,linear_nonunique_1,2.0,0.0005645427632013421,0.00012424848337800937,0.0,0.00019181026962654962,0.001551609502061288,3125.398087774993,1.7644208725766855,1562.6990438874966,4688.09713166249,False
43,non unique,,0.8822104362883427,0.0001,linear_nonunique_1,4.0,0.0008054793249334182,0.00012586480747130962,0.0,0.0001869597609502,0.0010160424274673892,2921.427002432464,2.353149049761561,1562.6990438874966,4688.09713166249,False
44,non unique,,0.8822104362883427,0.0001,linear_nonunique_1,6.0,0.0009738568705720808,0.00012587218275482743,0.0,0.00018693762823282994,0.0012365708616956098,2731.8035152522457,2.660385622381362,1562.6990438874966,4688.09713166249,False
45,non unique,,0.8822104362883427,0.0001,linear_nonunique_1,8.0,0.0011159499432753287,0.0001258722159773042,0.0,0.0001869375285344706,0.0014030418206541129,2554.4809084343656,2.8506728248652404,1562.6990438874966,4688.09713166249,False
46,non unique,,0.8822104362883427,0.0001,linear_nonunique_1,10.0,0.0012469413748170237,0.00012587221612694828,0.0,0.000186937528085399,0.0015364333520403466,2388.6631558174895,2.978522919489831,1562.6990438874966,4688.09713166249,False
47,non unique,,0.8822104362883427,0.0001,linear_nonunique_1,12.0,0.001375147878883648,0.00012587221612762233,0.0,0.00018693752808337627,0.0016477089819837087,2233.6010000476667,3.071531677487944,1562.6990438874966,4688.09713166249,False
48,non unique,,8.806767509231632,0.001,linear_nonunique_1,2.0,0.005635446382756568,0.0016707719828048739,0.0,0.000622478300211628,0.008454751863193704,3125.4906572010777,17.613535018463264,1562.7453286005389,4688.235985801617,False
49,non unique,,8.806767509231632,0.001,linear_nonunique_1,4.0,0.008038879638490062,0.0016712651979739295,0.0,0.0006209989793579844,0.011288340761720524,2921.5505088863824,23.485992898707018,1562.7453286005389,4688.235985801617,False
50,non unique,,8.806767509231632,0.001,linear_nonunique_1,6.0,0.009719333346706362,0.0016712674222212974,0.0,0.0006209923080931748,0.013787516193455775,2732.0281824311155,26.553492617644313,1562.7453286005389,4688.235985801617,False
51,non unique,,8.806767509231632,0.001,linear_nonunique_1,8.0,0.011144142692132415,0.0016712674322400323,0.0,0.0006209922780436242,0.015674654623182144,2554.65585098445,28.46944933266167,1562.7453286005389,4688.235985801617,False
52,non unique,,8.806767509231632,0.001,linear_nonunique_1,10.0,0.012456752751669088,0.0016712674322851599,0.0,0.0006209922779082719,0.017191080837803557,2388.847850656854,29.757287036988554,1562.7453286005389,4688.235985801617,False
53,non unique,,8.806767509231632,0.001,linear_nonunique_1,12.0,0.013740350209543511,0.001671267432285363,0.0,0.0006209922779076623,0.01845907476345565,2233.8630514857473,30.694060647573696,1562.7453286005389,4688.235985801617,False
54,non unique,,88.34735998403505,0.01,linear_nonunique_1,2.0,0.05643848204166825,0.018121349056175167,0.0,0.0020416723324343036,0.0891408666505237,3130.748977933483,176.6947199680701,1565.3744889667414,4696.123466900224,False
55,non unique,,88.34735998403505,0.01,linear_nonunique_1,4.0,0.08035953215744829,0.01812150136723904,0.0,0.002041221391845213,0.1367440509510738,2930.8985665768596,235.52563761105225,1565.3744889667414,4696.123466900224,False
56,non unique,,88.34735998403505,0.01,linear_nonunique_1,6.0,0.09701225698644486,0.01812150205337008,0.0,0.0020412193604487988,0.17183677401941272,2744.6688421118843,266.26651905364616,1565.3744889667414,4696.123466900224,False
57,non unique,,88.34735998403505,0.01,linear_nonunique_1,8.0,0.11085116868383893,0.018121502056460622,0.0,0.002041219351298772,0.19966481429505945,2570.62513820011,284.95680081753716,1565.3744889667414,4696.123466900224,False
58,non unique,,88.34735998403505,0.01,linear_nonunique_1,10.0,0.12337865622328682,0.018121502056474545,0.0,0.0020412193512575577,0.22291931524831518,2407.1795623007147,296.99457968482193,1565.3744889667414,4696.123466900224,False
59,non unique,,88.34735998403505,0.01,linear_nonunique_1,12.0,0.13540029408019022,0.018121502056474604,0.0,0.002041219351257372,0.2430096370784215,2255.3824106211873,305.3794416613971,1565.3744889667414,4696.123466900224,False
60,non unique,,747.9165532947899,0.1,linear_nonunique_1,2.0,0.4026292669023897,0.1322033172941489,0.0,0.005344877042994479,1.0,3715.162382749036,1495.8331065895798,1857.581191374518,5572.743574123554,False
61,non unique,,747.9165532947899,0.1,linear_nonunique_1,4.0,0.41117768322228565,0.1322033633365345,0.0,0.005344753518332986,1.0,4106.801031973505,1688.6249337817576,1857.581191374518,5572.743574123554,False
62,non unique,,747.9165532947899,0.1,linear_nonunique_1,6.0,0.3890788183610751,0.1322033635439257,0.0,0.005344752961934298,1.0,4344.071527535951,1690.1862168096782,1857.581191374518,5572.743574123554,False
63,non unique,,747.9165532947899,0.1,linear_nonunique_1,8.0,0.3642955888550254,0.13220336354485987,0.0,0.005344752959428112,1.0,4494.5005874655935,1637.326738120036,1857.581191374518,5572.743574123554,False
64,non unique,,747.9165532947899,0.1,linear_nonunique_1,10.0,0.34075193436562273,0.13220336354486406,0.0,0.005344752959416822,1.0,4595.868511084393,1566.0510852420612,1857.581191374518,5572.743574123554,False
65,non unique,,747.9165532947899,0.1,linear_nonunique_1,12.0,0.3199245638200734,0.1322033635448641,0.0,0.005344752959416772,1.0,4657.823974986486,1490.1523035482319,1857.581191374518,5572.743574123554,False
0,unique,unique,194.7234263999985,0.0,linear_unique_1,2.0,0.09365839002784174,0.031208367318540525,0.031043621539806835,3.2281688037385236e-05,0.000511904093882261,4158.163007972126,389.446852799997,2079.081503986063,6237.24451195819,True
1,unique,unique,194.7234263999985,0.0,linear_unique_1,4.0,0.0931751383609281,0.031218718635536342,0.031219304906718995,2.1664909999578257e-06,4.609183532092132e-07,4116.403686514307,383.54648304040506,2079.081503986063,6237.24451195819,True
2,unique,unique,194.7234263999985,0.0,linear_unique_1,6.0,0.0926789891322479,0.03121941336223946,0.03121946318969037,1.4540178666414264e-07,4.448816407581111e-10,4074.780777591591,377.6465634027037,2079.081503986063,6237.24451195819,True
3,unique,unique,194.7234263999985,0.0,linear_unique_1,8.0,0.09216990578943472,0.03121945998822621,0.031219463342460837,9.75850784841414e-09,4.4530690865815983e-13,4033.2904930501045,371.74800476585085,2079.081503986063,6237.24451195819,True
4,unique,unique,194.7234263999985,0.0,linear_unique_1,10.0,0.09164786168053111,0.031219463117487214,0.031219463342613753,6.549334066830105e-10,4.558628692585135e-16,3991.9288766337445,365.85174552424735,2079.081503986063,6237.24451195819,True
5,unique,unique,194.7234263999985,0.0,linear_unique_1,12.0,0.09111284059944577,0.031219463327504735,0.03121946334261391,4.395526216663501e-11,4.73848581933435e-19,3950.691796634933,359.9587519243367,2079.081503986063,6237.24451195819,True
6,unique,unique,194.72342639844692,1e-10,linear_unique_1,2.0,0.0936583900270526,0.03120836711772739,0.031043621209951352,3.22822715233437e-05,0.0005119050540344913,4158.163007974029,389.44685279689384,2079.0815039870145,6237.244511961044,True
7,unique,unique,194.72342639844692,1e-10,linear_unique_1,4.0,0.09317513836179252,0.03121871565296143,0.031219304411883753,2.1751671234252887e-06,4.623571530792261e-07,4116.403686514989,383.5464830440269,2079.0815039870145,6237.244511961044,True
8,unique,unique,194.72342639844692,1e-10,linear_unique_1,6.0,0.09267898913365429,0.031219379982658564,0.03121946258185196,2.4250818246118815e-07,2.2124259655819494e-09,4074.7807775915912,377.6465634084344,2079.0815039870145,6237.244511961044,True
9,unique,unique,194.72342639844692,1e-10,linear_unique_1,8.0,0.09216990578973552,0.031219396543752893,0.031219462651878634,1.9432899878927452e-07,2.0087059824718523e-09,4033.2904930507034,371.74800476711926,2079.0815039870145,6237.244511961044,True
10,unique,unique,194.72342639844692,1e-10,linear_unique_1,10.0,0.09164786168038068,0.0312193966276489,0.03121946258638932,1.940849303253794e-07,2.1992259949859926e-09,3991.928876634912,365.85174552375383,2079.0815039870145,6237.244511961044,True
11,unique,unique,194.72342639844692,1e-10,linear_unique_1,12.0,0.09111284060107665,0.03121939662802703,0.03121946253165111,1.9408383027304777e-07,2.358469124298362e-09,3950.6917966354968,359.9587519308311,2079.0815039870145,6237.244511961044,True
12,unique,unique,194.72342635644534,1e-09,linear_unique_1,2.0,0.09365839000631328,0.031208365176099928,0.03104361802314121,3.228790043475737e-05,0.0005119143175540506,4158.163007997885,389.4468527128907,2079.0815039989425,6237.244511996827,True
13,unique,unique,194.72342635644534,1e-09,linear_unique_1,4.0,0.09317513832484256,0.03121868746140769,0.031219299632060625,2.257161717830738e-06,4.762424107793677e-07,4116.403686557248,383.54648289586345,2079.0815039989425,6237.244511996827,True
14,unique,unique,194.72342635644534,1e-09,linear_unique_1,6.0,0.09267898913579752,0.031219239974741856,0.031219456710267303,6.497963742028869e-07,1.927379436673837e-08,4074.7807776250174,377.6465634202655,2079.0815039989425,6237.244511996827,True
15,unique,unique,194.72342635644534,1e-09,linear_unique_1,8.0,0.09216990581167911,0.03121924561264172,0.031219455988915883,6.333946972242904e-07,2.1372333475657097e-08,4033.290493062719,371.7480048567316,2079.0815039989425,6237.244511996827,True
16,unique,unique,194.72342635644534,1e-09,linear_unique_1,10.0,0.09164786170036374,0.03121924563836684,0.031219455289760854,6.333198581727271e-07,2.340629937701111e-08,3991.928876636857,365.851745603703,2079.0815039989425,6237.244511996827,True
17,unique,unique,194.72342635644534,1e-09,linear_unique_1,12.0,0.09111284060891535,0.031219245638482714,0.031219454706653806,6.333195210550599e-07,2.5102661135548642e-08,3950.6917966457354,359.9587519627323,2079.0815039989425,6237.244511996827,True
18,unique,unique,194.72342627409256,1e-08,linear_unique_1,2.0,0.09365838996220996,0.031208346737253624,0.031043587698603187,3.234150415450721e-05,0.0005120026146652712,4158.163008197368,389.4468525481851,2079.081504098684,6237.244512296053,True
19,unique,unique,194.72342627409256,1e-08,linear_unique_1,4.0,0.09317513807276338,0.031218457696387255,0.031219254025496655,2.9255506936258724e-06,6.088774039470813e-07,4116.4036867204695,383.54648187341195,2079.081504098684,6237.244512296053,True
20,unique,unique,194.72342627409256,1e-08,linear_unique_1,6.0,0.09267898880146658,0.031218785684915033,0.031219400764835623,1.9713677646977885e-06,1.8198623599326443e-07,4074.7807777361922,377.64656206824384,2079.081504098684,6237.244512296053,True
21,unique,unique,194.72342627409256,1e-08,linear_unique_1,8.0,0.09216990555998535,0.03121878752230111,0.03121939250446616,1.966022455224236e-06,2.0601712573725535e-07,4033.290493202564,371.748003854467,2079.081504098684,6237.244512296053,True
22,unique,unique,194.72342627409256,1e-08,linear_unique_1,10.0,0.09164786169658272,0.031218787530588554,0.0312193857677282,1.965998345459886e-06,2.2561550049041708e-07,3991.928876791327,365.85174560276636,2079.081504098684,6237.244512296053,True
23,unique,unique,194.72342627409256,1e-08,linear_unique_1,12.0,0.09111284069283082,0.03121878753062588,0.031219380150024727,1.965998236861567e-06,2.4195840472390645e-07,3950.691796874428,359.9587523150933,2079.081504098684,6237.244512296053,True
24,unique,unique,194.7234263622079,1e-07,linear_unique_1,2.0,0.0936583899849996,0.031208143480060964,0.031043249963424127,3.293288888121797e-05,0.0005129865114620447,4158.163009067206,389.4468527244158,2079.081504533603,6237.244513600809,True
25,unique,unique,194.7234263622079,1e-07,linear_unique_1,4.0,0.09317513962800233,0.03121710283214372,0.03121874410048565,6.867164226373452e-06,2.092366987759559e-06,4116.403687244856,383.5464883242631,2079.081504533603,6237.244513600809,True
26,unique,unique,194.7234263622079,1e-07,linear_unique_1,6.0,0.09267898990707671,0.03121722282513921,0.031218778326900343,6.518077127221471e-06,1.9927957451501424e-06,4074.7807789540343,377.6465666862311,2079.081504533603,6237.244513600809,True
27,unique,unique,194.7234263622079,1e-07,linear_unique_1,8.0,0.09216990653033802,0.031217223380165866,0.03121868597170894,6.516462428340744e-06,2.261474872809557e-06,4033.2904951784762,371.7480079503009,2079.081504533603,6237.244513600809,True
28,unique,unique,194.7234263622079,1e-07,linear_unique_1,10.0,0.0916478622808892,0.031217223382666182,0.031218611901576414,6.5164551543448465e-06,2.4769593641137037e-06,3991.928878370417,365.85174807999647,2079.081504533603,6237.244513600809,True
29,unique,unique,194.7234263622079,1e-07,linear_unique_1,12.0,0.0911128405212401,0.031217223382677448,0.031218550143481908,6.516455121580556e-06,2.6566258253071313e-06,3950.691797729114,359.9587517150641,2079.081504533603,6237.244513600809,True
30,unique,unique,194.723419236704,1e-06,linear_unique_1,2.0,0.09365838632920458,0.03120657943352364,0.031040446369432963,3.747985896050542e-05,0.0005211503633558371,4158.163019214549,389.446838473408,2079.0815096072747,6237.244528821824,True
31,unique,unique,194.723419236704,1e-06,linear_unique_1,4.0,0.09317513184512353,0.031212874459992577,0.031214495518968214,1.9165129214149153e-05,1.4448970268597473e-05,4116.403699462267,383.54645742515095,2079.0815096072747,6237.244528821824,True
32,unique,unique,194.723419236704,1e-06,linear_unique_1,6.0,0.09267898986565909,0.031212916496831257,0.031213603210747055,1.9042830377365493e-05,1.704496188066292e-05,4074.780788887762,377.6465674381112,2079.0815096072747,6237.244528821824,True
33,unique,unique,194.723419236704,1e-06,linear_unique_1,8.0,0.09216988076416276,0.03121291668678863,0.031212814751369083,1.9042277729671084e-05,1.933884108951268e-05,4033.2905058140586,371.7479050081115,2079.0815096072747,6237.244528821824,True
34,unique,unique,194.723419236704,1e-06,linear_unique_1,10.0,0.09164785495540007,0.031212916687644265,0.03121218311102361,1.9042275240342902e-05,2.1176493957706103e-05,3991.9288734865922,365.8517183895728,2079.0815096072747,6237.244528821824,True
35,unique,unique,194.723419236704,1e-06,linear_unique_1,12.0,0.09111286362223871,0.03121291668764812,0.03121165636105344,1.9042275229130216e-05,2.270899255439638e-05,3950.6918122575466,359.95884430371694,2079.0815096072747,6237.244528821824,True
36,unique,unique,194.72331820179824,1e-05,linear_unique_1,2.0,0.0936583411490006,0.031195509171752022,0.03101017589755723,6.964599306103925e-05,0.0006093014391681285,4158.16286756593,389.4466364035965,2079.081433782965,6237.2443013488955,True
37,unique,unique,194.72331820179824,1e-05,linear_unique_1,4.0,0.0931751066971937,0.031198223000911185,0.031168829877152686,6.174960019937315e-05,0.00014728323658077714,4116.403469992429,383.5463325252429,2079.081433782965,6237.2443013488955,True
38,unique,unique,194.72331820179824,1e-05,linear_unique_1,6.0,0.0926792012398614,0.031198236010365435,0.03115796272265337,6.171174716257692e-05,0.00017891146503533085,4074.7805084808483,377.6474027537613,2079.081433782965,6237.2443013488955,True
39,unique,unique,194.72331820179824,1e-05,linear_unique_1,8.0,0.09217013018176233,0.031198236068981994,0.031149677444381862,6.171157660856495e-05,0.00020302708306344102,4033.2901898087543,371.7488818554978,2079.081433782965,6237.2443013488955,True
40,unique,unique,194.72331820179824,1e-05,linear_unique_1,10.0,0.09164795022242485,0.031198236069246023,0.031143042017354787,6.171157584033717e-05,0.00022234166518159785,3991.928501841417,365.8520646282412,2079.081433782965,6237.2443013488955,True
41,unique,unique,194.72331820179824,1e-05,linear_unique_1,12.0,0.09111316634246598,0.03119823606924721,0.03113750890245141,6.171157583687683e-05,0.0002384483675318904,3950.6913010085177,359.9599936765224,2079.081433782965,6237.2443013488955,True
42,unique,unique,194.73018077169135,0.0001,linear_unique_1,2.0,0.09366160028848722,0.031155543662884394,0.030736180949675312,0.00018911421511388397,0.0014117179289852232,4158.164715783259,389.4603615433827,2079.0823578916297,6237.247073674889,True
43,unique,unique,194.73018077169135,0.0001,linear_unique_1,4.0,0.0931877877740984,0.031156493420098706,0.03075972008327592,0.00018634982269951644,0.0013429867410708067,4116.404798938603,383.5986567957707,2079.0823578916297,6237.247073674889,True
44,unique,unique,194.73018077169135,0.0001,linear_unique_1,6.0,0.09269546445193443,0.03115649772996546,0.030659641135843668,0.0001863372783158813,0.0016352911089459556,4074.7812344481326,377.71373906719634,2079.0823578916297,6237.247073674889,True
45,unique,unique,194.73018077169135,0.0001,linear_unique_1,8.0,0.09218734723311262,0.031156497749379054,0.03058428426018975,0.0001863372218102845,0.0018555389330480673,4033.2910861584073,371.81840585190304,2079.0823578916297,6237.247073674889,True
46,unique,unique,194.73018077169135,0.0001,linear_unique_1,10.0,0.09166628356979929,0.031156497749466504,0.030523927716635986,0.00018633722155576623,0.002032037946898352,3991.9320073716426,365.9255713790871,2079.0823578916297,6237.247073674889,True
47,unique,unique,194.73018077169135,0.0001,linear_unique_1,12.0,0.09113248162239752,0.03115649774946689,0.030473595803319146,0.0001863372215546198,0.002179285581768587,3950.692309118883,360.0363942565238,2079.0823578916297,6237.247073674889,True
48,unique,unique,195.9019598315233,0.001,linear_unique_1,2.0,0.09422557364380041,0.031195590663273914,0.02782765996130832,0.0006198607013134678,0.010562138917245579,4158.148414613822,391.8039196630466,2079.074207306911,6237.222621920733,True
49,unique,unique,195.9019598315233,0.001,linear_unique_1,4.0,0.09423407050021106,0.031195878599247526,0.026360350938479014,0.000619021814136504,0.01497654642799076,4116.3798554015875,387.9032294995618,2079.074207306911,6237.222621920733,True
50,unique,unique,195.9019598315233,0.001,linear_unique_1,6.0,0.09407049817376918,0.03119587989708058,0.025264242323599764,0.0006190180329685273,0.018307778991228315,4074.749158001367,383.3136832263351,2079.074207306911,6237.222621920733,True
51,unique,unique,195.9019598315233,0.001,linear_unique_1,8.0,0.09377784960008641,0.03119587990292643,0.02444182687960353,0.0006190180159369542,0.02082633168059272,4033.2666374972705,378.2310721282653,2079.074207306911,6237.222621920733,True
52,unique,unique,195.9019598315233,0.001,linear_unique_1,10.0,0.09344568280034228,0.031195879902952757,0.023784130223782084,0.0006190180158602388,0.022852365672758227,3991.9096059992435,373.0267188098446,2079.074207306911,6237.222621920733,True
53,unique,unique,195.9019598315233,0.001,linear_unique_1,12.0,0.09311943731443167,0.031195879902952882,0.0232363312814953,0.0006190180158598933,0.024548007349338905,3950.6597146459885,367.88320964862766,2079.074207306911,6237.222621920733,True
54,unique,unique,291.36878835930236,0.01,linear_unique_1,2.0,0.1401239624293934,0.04599880814010096,0.010423213158606096,0.0020381229658935985,0.1207387745253942,4158.728932692283,582.7375767186047,2079.3644663461414,6238.093399038424,True
55,unique,,291.36878835930236,0.01,linear_unique_1,4.0,0.16872138316278648,0.04599889697269075,0.0,0.0020378669746683887,0.18944118318176373,4117.452810576596,694.7023333079859,2079.3644663461414,6238.093399038424,False
56,unique,,291.36878835930236,0.01,linear_unique_1,6.0,0.185733846442204,0.04599889737284476,0.0,0.0020378658215343967,0.24092489265896808,4076.1464766155214,757.0783637636381,2079.3644663461414,6238.093399038424,False
57,unique,,291.36878835930236,0.01,linear_unique_1,8.0,0.1972373528915509,0.04599889737464718,0.0,0.0020378658163403315,0.2826399500614869,4034.7508428918763,795.8035758289475,2079.3644663461414,6238.093399038424,False
58,unique,,291.36878835930236,0.01,linear_unique_1,10.0,0.20537746947551347,0.04599889737465529,0.0,0.0020378658163169357,0.3181209909980681,3993.491525570917,820.1731838936628,2079.3644663461414,6238.093399038424,False
59,unique,,291.36878835930236,0.01,linear_unique_1,12.0,0.21187729733915414,0.04599889737465533,0.0,0.002037865816316831,0.3492414923292551,3952.486971746489,837.4422573418638,2079.3644663461414,6238.093399038424,False
60,unique,,1974.5281201884216,0.1,linear_unique_1,2.0,0.8564471278363607,0.2830528229789857,0.0,0.005713171058274716,1.0,4610.974935899814,3949.056240376843,2305.487467949907,6916.462403849721,False
61,unique,,1974.5281201884216,0.1,linear_unique_1,4.0,0.6836236699153765,0.28305285467559266,0.0,0.005713095954923657,1.0,5931.208340268657,4054.7144126071485,2305.487467949907,6916.462403849721,False
62,unique,,1974.5281201884216,0.1,linear_unique_1,6.0,0.6022233562050817,0.2830528548183647,0.0,0.005713095616633316,1.0,6688.03060095621,4027.6882349101384,2305.487467949907,6916.462403849721,False
63,unique,,1974.5281201884216,0.1,linear_unique_1,8.0,0.5578113103250587,0.28305285481900777,0.0,0.005713095615109555,1.0,7154.128063250239,3990.6535491948907,2305.487467949907,6916.462403849721,False
64,unique,,1974.5281201884216,0.1,linear_unique_1,10.0,0.5291820088938745,0.2830528548190107,0.0,0.0057130956151026915,1.0,7468.266023765824,3952.072017410266,2305.487467949907,6916.462403849721,False
65,unique,,1974.5281201884216,0.1,linear_unique_1,12.0,0.5086347945404934,0.2830528548190107,0.0,0.00571309561510266,1.0,7690.893727853354,3911.85615109946,2305.487467949907,6916.462403849721,False
0,unique,unique,52.26491615015019,0.0,linear_unique_1.1,2.0,0.9852090429616369,0.327843053869862,0.32832627402242626,0.0012667229695886577,0.00017334656918522202,106.09914012367696,104.52983230030038,53.04957006183848,159.14871018551543,True
1,unique,unique,52.26491615015019,0.0,linear_unique_1.1,4.0,0.9891313223142344,0.32836541829804117,0.32840294518426566,8.491462011557553e-05,1.5613400515361618e-07,105.21241043367053,104.06889065612448,53.04957006183848,159.14871018551543,True
2,unique,unique,52.26491615015019,0.0,linear_unique_1.1,6.0,0.9928254381567514,0.32840049103093827,0.3284030142538148,5.698516381299242e-06,1.507016873107286e-10,104.2965158337836,103.54823403089877,53.04957006183848,159.14871018551543,True
3,unique,unique,52.26491615015019,0.0,linear_unique_1.1,8.0,0.9967682301000518,0.32840284497194977,0.32840301432047886,3.8244873072303954e-07,1.5084574497449156e-13,103.36572916217904,103.0316749099865,53.04957006183848,159.14871018551543,True
4,unique,unique,52.26491615015019,0.0,linear_unique_1.1,10.0,0.99910178632629,0.3284030029548667,0.3284030143205456,2.566769089078098e-08,1.5442152992132764e-16,102.51553774530075,102.42345688753018,53.04957006183848,159.14871018551543,True
5,unique,unique,52.26491615015019,0.0,linear_unique_1.1,12.0,0.9948754320902683,0.3284030135577484,0.32840301432054564,1.7226637769239926e-09,1.6051411050922327e-19,101.99595667359914,101.47327146710722,53.04957006183848,159.14871018551543,True
6,unique,unique,52.26491615016007,1e-10,linear_unique_1.1,2.0,0.9852090429620193,0.32784305361015,0.328326273595079,0.001266723558381098,0.00017334753501936393,106.09914012365583,104.52983230032014,53.049570061827914,159.14871018548374,True
7,unique,unique,52.26491615016007,1e-10,linear_unique_1.1,4.0,0.9891313223139342,0.32836541442371486,0.32840294454305013,8.492337197275713e-05,1.5758238315055738e-07,105.21241043365839,104.0688906560809,53.049570061827914,159.14871018548374,True
8,unique,unique,52.26491615016007,1e-10,linear_unique_1.1,6.0,0.99282543815565,0.3284004339415124,0.3284030134654856,5.827446600598944e-06,1.9313133679999417e-09,104.29651583374556,103.54823403074613,53.049570061827914,159.14871018548374,True
9,unique,unique,52.26491615016007,1e-10,linear_unique_1.1,8.0,0.9967682300988255,0.32840244859412165,0.3284030134254781,1.2776111820772843e-06,2.0216643362424615e-09,103.36572916210575,103.0316749097867,53.049570061827914,159.14871018548374,True
10,unique,unique,52.26491615016007,1e-10,linear_unique_1.1,10.0,0.9991017863266918,0.3284024744162454,0.3284030133404281,1.2192955743722203e-06,2.2137371184218108e-09,102.5155377451727,102.42345688744344,53.049570061827914,159.14871018548374,True
11,unique,unique,52.26491615016007,1e-10,linear_unique_1.1,12.0,0.9948754320905892,0.3284024745353506,0.32840301326944965,1.2190265922175395e-06,2.3740313202687365e-09,101.99595667351842,101.47327146705965,53.049570061827914,159.14871018548374,True
12,unique,unique,52.26491615009361,1e-09,linear_unique_1.1,2.0,0.9852090429625677,0.3278430511034168,0.32832626947099547,0.0012667292390168578,0.00017335685336564388,106.09914012346185,104.52983230018722,53.049570061730925,159.14871018519278,True
13,unique,unique,52.26491615009361,1e-09,linear_unique_1.1,4.0,0.989131322338247,0.3283653770637855,0.3284029383509217,8.50077633293263e-05,1.7156680034181872e-07,105.21241043267074,104.06889065766198,53.049570061730925,159.14871018519278,True
14,unique,unique,52.26491615009361,1e-09,linear_unique_1.1,6.0,0.9928254381608843,0.3283999370743711,0.3284030058609237,6.949566431967993e-06,1.910549502974026e-08,104.29651583250435,103.54823403005975,53.049570061730925,159.14871018519278,True
15,unique,unique,52.26491615009361,1e-09,linear_unique_1.1,8.0,0.9967682300932292,0.3284012448164671,0.32840300479485074,3.996182931092772e-06,2.1513061948354838e-08,103.36572916229296,103.03167490939485,53.049570061730925,159.14871018519278,True
16,unique,unique,52.26491615009361,1e-09,linear_unique_1.1,10.0,0.9991017863281032,0.3284012529020754,0.32840300388813476,3.977922596993892e-06,2.3560744795289593e-08,102.5155377461515,102.42345688856605,53.049570061730925,159.14871018519278,True
17,unique,unique,52.26491615009361,1e-09,linear_unique_1.1,12.0,0.9948754320868128,0.3284012529385794,0.32840300313202747,3.977840157308536e-06,2.5268300325360636e-08,101.995956674576,101.47327146772663,53.049570061730925,159.14871018519278,True
18,unique,unique,52.264916145360814,1e-08,linear_unique_1.1,2.0,0.9852090429351729,0.3278430271997502,0.3283262301502803,0.0012667833837071377,0.00017344567376943658,106.09914011680436,104.52983229072163,53.04957005840218,159.14871017520653,True
19,unique,unique,52.264916145360814,1e-08,linear_unique_1.1,4.0,0.9891313224621588,0.32836502279477864,0.3284028790786959,8.580798862359343e-05,3.0540374111934963e-07,105.21241042116802,104.06889065932134,53.04957005840218,159.14871017520653,True
20,unique,unique,52.264916145360814,1e-08,linear_unique_1.1,6.0,0.9928254382547396,0.3283969923777274,0.32840293332707315,1.3599886018429377e-05,1.8289179574806378e-07,104.29651582246305,103.54823402987925,53.04957005840218,159.14871017520653,True
21,unique,unique,52.264916145360814,1e-08,linear_unique_1.1,8.0,0.9967682301335733,0.32839754389714215,0.32840292248533276,1.2354318608570339e-05,2.073762614651305e-07,103.36572914978586,103.03167490109836,53.04957005840218,159.14871017520653,True
22,unique,unique,52.264916145360814,1e-08,linear_unique_1.1,10.0,0.9991017862236022,0.32839754650720354,0.328402913749765,1.2348423980296934e-05,2.2710424922746884e-07,102.51553774713979,102.42345687884048,53.04957005840218,159.14871017520653,True
23,unique,unique,52.264916145360814,1e-08,linear_unique_1.1,12.0,0.9948754320777593,0.32839754651896286,0.3284029064653648,1.234839742274778e-05,2.435549905999165e-07,101.99595666832732,101.47327146058656,53.04957005840218,159.14871017520653,True
24,unique,unique,52.26491614028156,1e-07,linear_unique_1.1,2.0,0.9852090428862723,0.3278427610050127,0.32832579205504864,0.0012673865408579785,0.0001744354686216224,106.09914011175954,104.52983228056311,53.04957005587977,159.1487101676393,True
25,unique,unique,52.26491614028156,1e-07,linear_unique_1.1,4.0,0.9891313213055714,0.32836127834227236,0.32840221726011287,9.426626955670093e-05,1.799989646660656e-06,105.21241046571006,104.06889058169192,53.04957005587977,159.1487101676393,True
26,unique,unique,52.26491614028156,1e-07,linear_unique_1.1,6.0,0.9928254379039894,0.3283847163142039,0.32840212619411574,4.1325537329790296e-05,2.0056496569596875e-06,104.29651585499725,103.54823402559802,53.04957005587977,159.1487101676393,True
27,unique,unique,52.26491614028156,1e-07,linear_unique_1.1,8.0,0.9967682303494124,0.32838489033223356,0.3284020063076093,4.093250047082363e-05,2.2763969895738325e-06,103.36572920661446,103.03167498005367,53.04957005587977,159.1487101676393,True
28,unique,unique,52.26491614028156,1e-07,linear_unique_1.1,10.0,0.9991017855639105,0.3283848911198435,0.32840191026173193,4.0930721577121747e-05,2.493303652298683e-06,102.51553788512449,102.42345694907259,53.04957005587977,159.1487101676393,True
29,unique,unique,52.26491614028156,1e-07,linear_unique_1.1,12.0,0.9948754310900654,0.3283848911233912,0.3284018301808397,4.0930713564273115e-05,2.6741556448485904e-06,101.99595677995559,101.47327147090199,53.04957005587977,159.1487101676393,True
30,unique,unique,52.26491690773059,1e-06,linear_unique_1.1,2.0,0.9852090472256237,0.32784055966940157,0.3283221557251034,0.0012723780542816497,0.00018265475560085739,106.09914120238757,104.52983381546117,53.049570601193786,159.14871180358136,True
31,unique,unique,52.26491690773059,1e-06,linear_unique_1.1,4.0,0.9891313209005895,0.3283380710387647,0.32839671060148856,0.00014669660915483945,1.4239489117258165e-05,105.21241103126687,104.06889109849276,53.049570601193786,159.14871180358136,True
32,unique,unique,52.26491690773059,1e-06,linear_unique_1.1,6.0,0.9928254410248188,0.32834999849326885,0.3283954187182561,0.00011975066251333885,1.7157136770831363e-05,104.29651720747741,103.54823569386636,53.049570601193786,159.14871180358136,True
33,unique,unique,52.26491690773059,1e-06,linear_unique_1.1,8.0,0.9967682460127221,0.32835005829600905,0.32839439620294475,0.00011961556384068509,1.94664477949075e-05,103.36572938002884,103.03167677195704,53.049570601193786,159.14871180358136,True
34,unique,unique,52.26491690773059,1e-06,linear_unique_1.1,10.0,0.9991017830708151,0.3283500585655314,0.3283935771632126,0.00011961495497044443,2.1316227402304985e-05,102.51553933021458,102.42345813728366,53.049570601193786,159.14871180358136,True
35,unique,unique,52.26491690773059,1e-06,linear_unique_1.1,12.0,0.9948754403993498,0.3283500585667454,0.3283928941335773,0.0001196149522279022,2.2858838774559862e-05,101.99595668030857,101.47327232127499,53.049570601193786,159.14871180358136,True
36,unique,unique,52.2649123571773,1e-05,linear_unique_1.1,2.0,0.9852091149022263,0.327817400507906,0.32828275722965805,0.0013249119444857219,0.0002717352650359166,106.09912467641787,104.5298247143546,53.049562338208936,159.1486870146268,True
37,unique,unique,52.2649123571773,1e-05,linear_unique_1.1,4.0,0.9891313428983451,0.3282273701916351,0.32833753872071264,0.0003969301665274136,0.00014795020571859577,105.21239311068116,104.06887568711666,53.049562338208936,159.1486870146268,True
38,unique,unique,52.2649123571773,1e-05,linear_unique_1.1,6.0,0.9928253761978675,0.3282314205220454,0.3283233125366448,0.00038777352698194376,0.0001800919730494621,104.29651094686774,103.54822271694897,53.049562338208936,159.1486870146268,True
39,unique,unique,52.2649123571773,1e-05,linear_unique_1.1,8.0,0.9967682640530943,0.3282314389823193,0.3283125690053733,0.0003877317940897698,0.0002043670738921317,103.36572777875192,103.03167704061126,53.049562338208936,159.1486870146268,True
40,unique,unique,52.2649123571773,1e-05,linear_unique_1.1,10.0,0.999101726068501,0.3282314390654745,0.32830396494346714,0.0003877316061020864,0.00022380915832895295,102.51553516465323,102.42344813184116,53.049562338208936,159.1486870146268,True
41,unique,unique,52.2649123571773,1e-05,linear_unique_1.1,12.0,0.9948755357840027,0.328231439065849,0.3282967902342556,0.000387731605255333,0.00024002219043537122,101.99594233466803,101.4732677779971,53.049562338208936,159.1486870146268,True
42,unique,unique,52.26497837095197,0.0001,linear_unique_1.1,2.0,0.9852104157550312,0.3276408280896322,0.3279245874475897,0.0017262809716550398,0.0010830504940151254,106.09911859467685,104.52995674190394,53.049559297338426,159.1486778920153,True
43,unique,unique,52.26497837095197,0.0001,linear_unique_1.1,4.0,0.9891300536640958,0.32788416851484303,0.3278060782809755,0.0011746055698948097,0.0013515551501087708,105.21249475489985,104.06884058304749,53.049559297338426,159.1486778920153,True
44,unique,unique,52.26497837095197,0.0001,linear_unique_1.1,6.0,0.9928252022438889,0.32788552356479933,0.3276761735112953,0.0011715358125091915,0.001646099313201005,104.29664505984117,103.5483377248959,53.049559297338426,159.1486778920153,True
45,unique,unique,52.26497837095197,0.0001,linear_unique_1.1,8.0,0.9967693421858974,0.3278855296763825,0.32757845984720424,0.001171521967262757,0.0018678060665115828,103.36582611383155,103.03188649998573,53.049559297338426,159.1486778920153,True
46,unique,unique,52.26497837095197,0.0001,linear_unique_1.1,10.0,0.9991005737917791,0.32788552970391116,0.3275001969741108,0.0011715219048992224,0.0020454744310366172,102.51568718483391,102.42348188902609,53.049559297338426,159.1486778920153,True
47,unique,unique,52.26497837095197,0.0001,linear_unique_1.1,12.0,0.9948751475635518,0.3278855297040352,0.32743493284645137,0.0011715219046183182,0.0021936979283039425,101.99599703168066,101.47328259778489,53.049559297338426,159.1486778920153,True
48,unique,unique,52.26789979431672,0.001,linear_unique_1.1,2.0,0.985258967406087,0.3266126654388456,0.3239247072761761,0.004103092013623403,0.010290320045728264,106.09982050084471,104.53579958863344,53.04991025042236,159.14973075126707,True
49,unique,unique,52.26789979431672,0.001,linear_unique_1.1,4.0,0.9892022469248034,0.3267009219585638,0.32187528075965605,0.0039016474060182167,0.015076401145670508,105.21429402712599,104.07821606023995,53.04991025042236,159.14973075126707,True
50,unique,unique,52.26789979431672,0.001,linear_unique_1.1,6.0,0.9929169692137985,0.3267013297887825,0.32045419686831617,0.0039007167875094706,0.0184306294954901,104.29983691885336,103.56107796296132,53.04991025042236,159.14973075126707,True
51,unique,unique,52.26789979431672,0.001,linear_unique_1.1,8.0,0.9968832121250536,0.3267013316259927,0.3193880639785207,0.0039007125952265982,0.020966428992142228,103.36803981126126,103.04586355812054,53.04991025042236,159.14973075126707,True
52,unique,unique,52.26789979431672,0.001,linear_unique_1.1,10.0,0.9989636924327547,0.326701331634268,0.3185354713244984,0.003900712576343282,0.02300639803737285,102.5321534728519,102.42589862632204,53.04991025042236,159.14973075126707,True
53,unique,unique,52.26789979431672,0.001,linear_unique_1.1,12.0,0.9947600533360413,0.3267013316343053,0.31782534793947465,0.0039007125762582254,0.024713744263671622,102.01242143886142,101.47788179146052,53.04991025042236,159.14973075126707,True
54,unique,unique,52.50585041137002,0.01,linear_unique_1.1,2.0,0.9887386518234013,0.3239199113260572,0.2833735254077478,0.012991342325263779,0.12108968393507688,106.20774319794286,105.01170082274004,53.10387159897143,159.31161479691428,True
55,unique,unique,52.50585041137002,0.01,linear_unique_1.1,4.0,0.9920322865649199,0.32394721911053254,0.2621881689948384,0.012927578583854793,0.19072780192683728,105.59479451092913,104.75344544802988,53.10387159897143,159.31161479691428,True
56,unique,unique,52.50585041137002,0.01,linear_unique_1.1,6.0,0.99037296127133,0.32394734241639755,0.2483309971742499,0.01292729068853833,0.24263310577399036,105.12329951501795,104.1112734393013,53.10387159897143,159.31161479691428,True
57,unique,unique,52.50585041137002,0.01,linear_unique_1.1,8.0,0.9867239569085952,0.3239473429718105,0.2381176094735327,0.012927289391757043,0.2847118123202235,104.69498548793867,103.30505034914678,53.10387159897143,159.31161479691428,True
58,unique,unique,52.50585041137002,0.01,linear_unique_1.1,10.0,0.9824915819544598,0.32394734297431227,0.23005900735064233,0.01292728938591595,0.32051794987055626,104.25863617797796,102.43323239091605,53.10387159897143,159.31161479691428,True
59,unique,unique,52.50585041137002,0.01,linear_unique_1.1,12.0,0.9780383758606771,0.3239473429743236,0.22341945968602445,0.01292728938588964,0.35193555254143016,103.81028160630322,101.53043921986833,53.10387159897143,159.31161479691428,True
60,unique,,53.21337986108216,0.1,linear_unique_1.1,2.0,0.6917952526144407,0.21950071920233052,0.0,0.02806683613254158,1.0,153.84141379975514,106.42675972216432,76.92070689987757,230.7621206996327,False
61,unique,,53.21337986108216,0.1,linear_unique_1.1,4.0,0.5766578332273229,0.2195063118461169,0.0,0.028052162921863463,1.0,183.1201296748677,105.59765719861561,76.92070689987757,230.7621206996327,False
62,unique,,53.21337986108216,0.1,linear_unique_1.1,6.0,0.5250206918517843,0.2195063370436247,0.0,0.02805209681335547,1.0,199.4597423325458,104.72049191601184,76.92070689987757,230.7621206996327,False
63,unique,,53.21337986108216,0.1,linear_unique_1.1,8.0,0.49544162962235083,0.219506337157122,0.0,0.028052096515582485,1.0,209.62878284617057,103.85882578905665,76.92070689987757,230.7621206996327,False
64,unique,,53.21337986108216,0.1,linear_unique_1.1,10.0,0.4755573948060029,0.21950633715763324,0.0,0.028052096514241228,1.0,216.53995900163267,102.9771787742151,76.92070689987757,230.7621206996327,False
65,unique,,53.21337986108216,0.1,linear_unique_1.1,12.0,0.4612713053010178,0.21950633715763557,0.0,0.028052096514235188,1.0,221.29993162853123,102.07930832531859,76.92070689987757,230.7621206996327,False
0,unique,unique,52.29268010602675,0.0,linear_unique_1.2,2.0,0.9862560384480078,0.32819160783974627,0.3286752115826252,0.0012673967258406478,0.00017343866961215743,106.0428084948723,104.5853602120535,53.02140424743615,159.06421274230846,True
1,unique,unique,52.29268010602675,0.0,linear_unique_1.2,4.0,0.9891322687602911,0.32871438693997096,0.32875194362482313,8.495973194657023e-05,1.562169460345942e-07,105.21236009768516,104.06894044504806,53.02140424743615,159.06421274230846,True
2,unique,unique,52.29268010602675,0.0,linear_unique_1.2,6.0,0.9928254390733713,0.32874948752271443,0.3287520127492188,5.701543541220019e-06,1.5078174244508193e-10,104.29651578563806,103.54823407869891,53.02140424743615,159.06421274230846,True
3,unique,unique,52.29268010602675,0.0,linear_unique_1.2,8.0,0.9967682301009753,0.3287518433329311,0.32875201281593575,3.8265189365775924e-07,1.5092587663455613e-13,103.36572916213115,103.03167491003423,53.02140424743615,159.06421274230846,True
4,unique,unique,52.29268010602675,0.0,linear_unique_1.2,10.0,0.9991017863262862,0.3287520014412984,0.3287520128160025,2.568132597733883e-08,1.5450356109525573e-16,102.51553774530095,102.42345688753,53.02140424743615,159.06421274230846,True
5,unique,unique,52.29268010602675,0.0,linear_unique_1.2,12.0,0.9948754320902646,0.32875201205259963,0.3287520128160026,1.723578883360549e-09,1.6059937815890787e-19,101.99595667359932,101.47327146710704,53.02140424743615,159.06421274230846,True
6,unique,unique,52.292680106041196,1e-10,linear_unique_1.2,2.0,0.9862560384491739,0.32819160758328014,0.32867521116045,0.0012673973077177375,0.00017343962410013776,106.04280849477621,104.58536021208239,53.021404247388105,159.06421274216433,True
7,unique,unique,52.292680106041196,1e-10,linear_unique_1.2,4.0,0.9891322687612606,0.32871438311041407,0.32875194299123744,8.496838099469665e-05,1.5764830718106694e-07,105.21236009758071,104.06894044504674,53.021404247388105,159.06421274216433,True
8,unique,unique,52.292680106041196,1e-10,linear_unique_1.2,6.0,0.9928254390731779,0.3287494310817426,0.3287520119702132,5.828976413170926e-06,1.9104650124033086e-09,104.29651578561509,103.54823407865592,53.021404247388105,159.06421274216433,True
9,unique,unique,52.292680106041196,1e-10,linear_unique_1.2,8.0,0.9967682300999422,0.3287514498123792,0.3287520119314797,1.2711287604234361e-06,1.9979160013076568e-09,103.36572916217341,103.03167490996957,53.021404247388105,159.06421274216433,True
10,unique,unique,52.292680106041196,1e-10,linear_unique_1.2,10.0,0.9991017863274507,0.32875147580762204,0.3287520118474075,1.2124376079881082e-06,2.1877305033162746e-09,102.51553774527552,102.42345688762397,53.021404247388105,159.06421274216433,True
11,unique,unique,52.292680106041196,1e-10,linear_unique_1.2,12.0,0.9948754320901471,0.3287514759275599,0.32875201177724456,1.2121668165438916e-06,2.346141593697315e-09,101.99595667358368,101.47327146707948,53.021404247388105,159.06421274216433,True
12,unique,unique,52.29268010609967,1e-09,linear_unique_1.2,2.0,0.986256038451469,0.32819160510593054,0.3286752070843298,0.0012674029216248068,0.0001734488329766492,106.04280849464801,104.58536021219933,53.02140424732401,159.06421274197203,True
13,unique,unique,52.29268010609967,1e-09,linear_unique_1.2,4.0,0.9891322687563586,0.3287143461800002,0.3287519368708878,8.505178154882924e-05,1.714683067357358e-07,105.21236009891257,104.06894044584837,53.02140424732401,159.06421274197203,True
14,unique,unique,52.29268010609967,1e-09,linear_unique_1.2,6.0,0.9928254390507332,0.32874893932482824,0.32875200445359914,6.9392649692589855e-06,1.888288541786245e-08,104.29651578775103,103.54823407843564,53.02140424732401,159.06421274197203,True
15,unique,unique,52.29268010609967,1e-09,linear_unique_1.2,8.0,0.9967682301052809,0.32875025270787783,0.3287520034005877,3.973921215253685e-06,2.1260330166277533e-08,103.3657291614622,103.0316749098125,53.02140424732401,159.06421274197203,True
16,unique,unique,52.29268010609967,1e-09,linear_unique_1.2,10.0,0.9991017862952806,0.3287502608497906,0.3287520025042892,3.955538555255127e-06,2.328395516571001e-08,102.5155377456713,102.42345688472145,53.02140424732401,159.06421274197203,True
17,unique,unique,52.29268010609967,1e-09,linear_unique_1.2,12.0,0.9948754320682468,0.3287502608865498,0.3287520017568683,3.955455560940206e-06,2.4971450475550942e-08,101.9959566739558,101.47327146521596,53.02140424732401,159.06421274197203,True
18,unique,unique,52.29268010836503,1e-08,linear_unique_1.2,2.0,0.986256038364883,0.32819158145715976,0.3286751681955308,0.001267456430072776,0.00017353660989554185,106.04280850855166,104.58536021673007,53.02140425427583,159.06421276282748,True
19,unique,unique,52.29268010836503,1e-08,linear_unique_1.2,4.0,0.9891322686117157,0.3287139959364089,0.3287518782615442,8.584266170794775e-05,3.037289201717257e-07,105.21236012210815,104.06894045357365,53.02140425427583,159.06421276282748,True
20,unique,unique,52.29268010836503,1e-08,linear_unique_1.2,6.0,0.9928254389379321,0.328746016638524,0.32875193273320197,1.353809728521406e-05,1.8074503944493956e-07,104.29651580734843,103.54823408612768,53.02140425427583,159.06421276282748,True
21,unique,unique,52.29268010836503,1e-08,linear_unique_1.2,8.0,0.9967682299341531,0.3287465716957396,0.32875192201682824,1.2284869471223734e-05,2.0494002655100017e-07,103.36572918318903,103.03167491378036,53.02140425427583,159.06421276282748,True
22,unique,unique,52.29268010836503,1e-08,linear_unique_1.2,10.0,0.9991017863741718,0.3287465743240437,0.32875191338161786,1.2278935203227102e-05,2.244362498801478e-07,102.51553775389752,102.42345690102786,53.02140425427583,159.06421276282748,True
23,unique,unique,52.29268010836503,1e-08,linear_unique_1.2,12.0,0.9948754321397424,0.3287465743358853,0.3287519061809028,1.2278908467006266e-05,2.406937294423542e-07,101.99595667930568,101.47327147783068,53.02140425427583,159.06421276282748,True
24,unique,unique,52.29268009175315,1e-07,linear_unique_1.2,2.0,0.986256038124772,0.3281913182558224,0.32867473506996814,0.0012680525043109135,0.0001745147755250806,106.04280850068177,104.5853601835063,53.021404250340886,159.06421275102267,True
25,unique,unique,52.29268009175315,1e-07,linear_unique_1.2,4.0,0.9891322690045099,0.3287102919682251,0.32875122398564055,9.420715112203931e-05,1.7807487368918458e-06,105.21236002098523,104.0689403948765,53.021404250340886,159.06421275102267,True
26,unique,unique,52.29268009175315,1e-07,linear_unique_1.2,6.0,0.9928254394789862,0.3287338107636813,0.32875113480887275,4.109783123377005e-05,1.982089275285038e-06,104.29651572277125,103.54823405858735,53.021404250340886,159.06421275102267,True
27,unique,unique,52.29268009175315,1e-07,linear_unique_1.2,8.0,0.9967682309278636,0.3287339859880878,0.3287510163004674,4.070217384304627e-05,2.249654041895149e-06,103.36572908547093,103.03167491909367,53.021404250340886,159.06421275102267,True
28,unique,unique,52.29268009175315,1e-07,linear_unique_1.2,10.0,0.9991017848478416,0.32873398678120486,0.3287509213579899,4.07003829824912e-05,2.464012492490177e-06,102.51553777371855,102.42345676435853,53.021404250340886,159.06421275102267,True
29,unique,unique,52.29268009175315,1e-07,linear_unique_1.2,12.0,0.994875432034582,0.32873398678477733,0.32875084219708683,4.070037491573688e-05,2.6427398426544825e-06,101.99595669165562,101.4732714793914,53.021404250340886,159.06421275102267,True
30,unique,unique,52.29268021853317,1e-06,linear_unique_1.2,2.0,0.9862560454631153,0.3281891431517121,0.32867114158596444,0.0012729855536620948,0.0001826373804901249,106.04280796875247,104.58536043706634,53.021403984376235,159.0642119531287,True
31,unique,unique,52.29268021853317,1e-06,linear_unique_1.2,4.0,0.9891322610739064,0.32868728459636903,0.32874578160802737,0.00014617439491610652,1.4074100920320287e-05,105.21236062884994,104.06894016173759,53.021403984376235,159.0642119531287,True
32,unique,unique,52.29268021853317,1e-06,linear_unique_1.2,6.0,0.9928254536567027,0.3286992816445598,0.32874450540596106,0.00011907838732623248,1.6955575083620386e-05,104.29651447611862,103.54823429956532,53.021403984376235,159.0642119531287,True
33,unique,unique,52.29268021853317,1e-06,linear_unique_1.2,8.0,0.9967682180794656,0.32869934186506433,0.32874349463823205,0.00011894238086987317,1.9237753764391516e-05,103.36573070904791,103.03167520933958,53.021403984376235,159.0642119531287,True
34,unique,unique,52.29268021853317,1e-06,linear_unique_1.2,10.0,0.9991017748441164,0.32869934213647145,0.3287426850077067,0.00011894176790406786,2.1065801491938406e-05,102.51553807644345,102.42345604127425,53.021403984376235,159.0642119531287,True
35,unique,unique,52.29268021853317,1e-06,linear_unique_1.2,12.0,0.9948754345257665,0.3286993421376939,0.32874200982477164,0.00011894176514307786,2.259028964864185e-05,101.99595633425186,101.47327137790992,53.021403984376235,159.0642119531287,True
36,unique,unique,52.29267800582324,1e-05,linear_unique_1.2,2.0,0.9862558997516636,0.3281661725978069,0.32863212736865194,0.0013249173035075623,0.00027066555696185946,106.04281914864161,104.58535601164648,53.021409574320806,159.0642287229624,True
37,unique,unique,52.29267800582324,1e-05,linear_unique_1.2,4.0,0.9891320400050186,0.32857719134643354,0.32868721862124534,0.0003948078618939108,0.00014621371104096758,105.21237582236063,104.06893193094626,53.021409574320806,159.0642287229624,True
38,unique,unique,52.29267800582324,1e-05,linear_unique_1.2,6.0,0.9928254884056421,0.32858126941334653,0.3286731566979265,0.0003855909919038759,0.00017797585166962697,104.29650260547491,103.54822613828095,53.021409574320806,159.0642287229624,True
39,unique,unique,52.29267800582324,1e-05,linear_unique_1.2,8.0,0.9967683884502455,0.3285812880027103,0.3286625365792266,0.0003855489784602146,0.0002019656549081618,103.36570994909812,103.03167212697804,53.021409574320806,159.0642287229624,True
40,unique,unique,52.29267800582324,1e-05,linear_unique_1.2,10.0,0.9991018320280307,0.32858128808644693,0.3286540313513772,0.0003855487892086475,0.00022117923426041066,102.51553344307086,102.42345727430295,53.021409574320806,159.0642287229624,True
41,unique,unique,52.29267800582324,1e-05,linear_unique_1.2,12.0,0.9948753510045155,0.3285812880868241,0.328646939056391,0.00038554878835620116,0.0002372017060007104,101.99594907966572,101.47325564167113,53.021409574320806,159.0642287229624,True
42,unique,unique,52.29269306532863,0.0001,linear_unique_1.2,2.0,0.9862552013549739,0.3279906472213239,0.3282774242557588,0.0017222953665934346,0.0010724074058935699,106.04292477948087,104.58538613065726,53.021462389740435,159.0643871692213,True
43,unique,unique,52.29269306532863,0.0001,linear_unique_1.2,4.0,0.9891324495184812,0.3282352000132308,0.3281612003016822,0.0011680245242748142,0.0013356561677844987,105.21227618874747,104.06887646599075,53.021462389740435,159.0643871692213,True
44,unique,unique,52.29269306532863,0.0001,linear_unique_1.2,6.0,0.9928266579450685,0.32823656451930344,0.32803278748445347,0.0011649342092362692,0.001626727525994288,104.29637606759427,103.54822248697164,53.021462389740435,159.0643871692213,True
45,unique,unique,52.29269306532863,0.0001,linear_unique_1.2,8.0,0.9967687975814281,0.32823657067363615,0.32793619523486695,0.0011649202710437715,0.0018458203580446306,103.3657081213778,103.03171259529861,53.021462389740435,159.0643871692213,True
46,unique,unique,52.29269306532863,0.0001,linear_unique_1.2,10.0,0.9991034161983531,0.32823657070135726,0.32785883042748704,0.0011649202082615725,0.002021393191285792,102.51555115995188,102.42363737736497,53.021462389740435,159.0643871692213,True
47,unique,unique,52.29269306532863,0.0001,linear_unique_1.2,12.0,0.9948782550781496,0.32823657070148216,0.32779431512316326,0.0011649202079787827,0.0021678678875296097,101.99592378338576,101.47352667869878,53.021462389740435,159.0643871692213,True
48,unique,unique,52.29316388620224,0.001,linear_unique_1.2,2.0,0.9862114923638328,0.32693891676712195,0.32429307844792515,0.004082150385682338,0.010169836353718157,106.04857941953543,104.58632777240447,53.024289709767714,159.07286912930314,True
49,unique,unique,52.29316388620224,0.001,linear_unique_1.2,4.0,0.9890565439544586,0.32702775806725465,0.322268059750574,0.003879431081757271,0.014895922808468987,105.2216851783968,104.07019629160922,53.024289709767714,159.07286912930314,True
50,unique,unique,52.29316388620224,0.001,linear_unique_1.2,6.0,0.9927521576925336,0.32702816872513646,0.3208632222262248,0.0038784942900079366,0.018209275273008595,104.30631004909516,103.55031436218562,53.024289709767714,159.07286912930314,True
51,unique,unique,52.29316388620224,0.001,linear_unique_1.2,8.0,0.9966442209972599,0.3270281705750875,0.3198092538683728,0.003878490069909403,0.02071400005647291,103.38081402507567,103.03389086008414,53.024289709767714,159.07286912930314,True
52,unique,unique,52.29316388620224,0.001,linear_unique_1.2,10.0,0.9992163366452026,0.32702817058342026,0.3189663748994599,0.0038784900509007962,0.02272886177302782,102.51895748146109,102.43861713131083,53.024289709767714,159.07286912930314,True
53,unique,unique,52.29316388620224,0.001,linear_unique_1.2,12.0,0.9949718146623897,0.3270281705834578,0.3182643322888295,0.003878490050815175,0.02441511997713774,101.998601897306,101.48573402278922,53.024289709767714,159.07286912930314,True
54,unique,unique,52.330418574343454,0.01,linear_unique_1.2,2.0,0.9821673227353822,0.3217916315176343,0.28195102210475703,0.012867768914772752,0.11898558121060918,106.561106978393,104.66083714868691,53.2805534891965,159.8416604675895,True
55,unique,unique,52.330418574343454,0.01,linear_unique_1.2,4.0,0.980940880404111,0.32181897355373557,0.26110258512653933,0.01280384056878241,0.18720722473948684,106.18329083736424,104.15953079820984,53.2805534891965,159.8416604675895,True
56,unique,unique,52.330418574343454,0.01,linear_unique_1.2,6.0,0.9815275462888181,0.32181909701800115,0.24745963557773007,0.012803551921592713,0.2379629499621893,105.5793878523809,103.62907749742288,53.2805534891965,159.8416604675895,True
57,unique,unique,52.330418574343454,0.01,linear_unique_1.2,8.0,0.9826731169976106,0.32181909757412774,0.2374013057775154,0.01280355062142455,0.2790498545677009,104.89651817338664,103.07898847563835,53.2805534891965,159.8416604675895,True
58,unique,unique,52.330418574343454,0.01,linear_unique_1.2,10.0,0.9841575226018697,0.3218190975766327,0.2294633502470958,0.0128035506155682,0.31396990809417613,104.15658770485919,102.50648931827858,53.2805534891965,159.8416604675895,True
59,unique,unique,52.330418574343454,0.01,linear_unique_1.2,12.0,0.985348751888428,0.321819097576644,0.22292207877987663,0.01280355061554182,0.34457817798601337,103.41650447180675,101.90132360595881,53.2805534891965,159.8416604675895,True
60,unique,,52.68813371684,0.1,linear_unique_1.2,2.0,0.6864040321110874,0.2177644787805349,0.0,0.027949594598318514,1.0,153.51930132109996,105.37626743368,76.75965066054998,230.27895198164993,False
61,unique,,52.68813371684,0.1,linear_unique_1.2,4.0,0.5758761720839582,0.2177701100287889,0.0,0.027934802956426454,1.0,181.97440453840744,104.79472350283577,76.75965066054998,230.27895198164993,False
62,unique,,52.68813371684,0.1,linear_unique_1.2,6.0,0.5265236329623578,0.2177701354003096,0.0,0.027934736314136222,1.0,197.9237066975122,104.21150909975026,76.75965066054998,230.27895198164993,False
63,unique,,52.68813371684,0.1,linear_unique_1.2,8.0,0.49863412780901833,0.2177701355145907,0.0,0.02793473601395892,1.0,207.80611920733799,103.61922300432786,76.75965066054998,230.27895198164993,False
64,unique,,52.68813371684,0.1,linear_unique_1.2,10.0,0.4804419227756547,0.2177701355151055,0.0,0.02793473601260683,1.0,214.45700736831787,103.03413697274738,76.75965066054998,230.27895198164993,False
65,unique,,52.68813371684,0.1,linear_unique_1.2,12.0,0.46747465213540157,0.21777013551510777,0.0,0.027934736012600738,1.0,219.1486895710911,102.44645742317492,76.75965066054998,230.27895198164993,False
